AdminID,Username,PasswordHash,FullName
1,weitian,0e906a6353efb419456c9bf2a74e01936a09cd0dbee5d93735d042e708cc01c5,王雪
2,gluo,5882492c8e8f65b6937912b222d1a1ddef6cb4769cf5d0a6379961181392eff4,罗淑华
3,yancheng,da5e0b9d2987908b23ea0e507f16c5522709cb6f0008dc4fdbfe702900aa9eb2,邹平
4,lei48,e1b6c31e6b54acb7c3cdea6f39f486f4a0024808202b6733415106e4460e05a5,张萍
5,weilong,ac1518b4a02afc187ff7028cf85be566ffef512a949876d6e7bdcfac54e52220,王波
6,li27,74b4675804bd80c016325b072bf9aa51bb815c33fbd1b3da3d5348cc4e6cde80,李博
7,jie15,1cfee6ee362684a1a342586804a3f54f32f0ecf245c35d0b56432af4cd3f6e65,黎慧
8,yangchen,7e152a54f03005a91fced25a153352f44625c61626bf7249563c117cfe9cc808,李浩
9,wqian,1ce6f5606bb8ad8c238307ce84af931cec6fba54bb1ad65ae765f42163b41661,叶佳
10,ywan,1b2ccbde5ed7de5483f9a3c55c7538b2a6b75dd2f5f83f3671f275445989a9e0,曲梅
11,xia62,cf9ed56e5d8f8cf791cb9aea3daee9db8251380981e7e9e4b604e1404d85847f,鞠丹
12,yli,2549dded0bc67a96bf31990265f41693262b22f400133a6d52a23c8e2d9671a5,陈慧
13,dingqiang,28128666a0dffd160513469a95df9464916590dbc635e698b0f37e699739a692,詹丽华
14,juanyao,3b1682f2866efb54b3703b4b9b8d26e16d5e22a626aa7ac980f748a2375004ec,张宇
15,na35,4bcf81b6c4479fd4e7dc40a7feb19faf548a76886e3e19c04cdec6c60e9ee87d,张静
16,mingqin,a7f9db25daa596bb268d77a6579e2975840179cb1f74f6a4580b45df48eee481,张建华
17,xuewei,386007cdf24eb11fc9999fbd6d1179925accb847bd5b7dd03979b48b09a7057e,逯兵
18,19-Jun,f0007e9f6c10632dfcb490fc123966c9c534768cca95246cff6f906a554235b1,李文
19,shixiulan,b5c0ae607b4f4f00850e91e48a883e5c63436743d99954907ea8bebe40ac143a,茅慧
20,nwan,c1a77a128136ffef93af0174f3aabb6808fa553de39ec1a5a39d78151f729817,陈丽
