ReservationID,ReaderID,CopyID,ReservationDate,Status
1,1,1,2023-12-9,Cancelled
2,4,2,2024-3-8,Cancelled
3,9,3,2023-8-15,Pending
4,10,4,2024-2-24,Cancelled
5,13,5,2024-7-19,Completed
6,15,6,2024-4-17,Cancelled
7,18,7,2024-1-29,Cancelled
8,21,8,2024-11-20,Completed
9,24,9,2023-11-17,Pending
10,30,10,2025-5-4,Completed
11,33,11,2024-8-20,Cancelled
12,37,12,2024-4-27,Cancelled
13,40,13,2024-4-3,Completed
14,41,14,2024-12-27,Cancelled
15,46,15,2025-3-16,Cancelled
16,49,16,2024-10-7,Pending
17,51,17,2024-4-2,Pending
18,52,18,2024-4-26,Completed
19,54,19,2023-10-31,Cancelled
20,55,20,2023-5-21,Cancelled
21,57,21,2024-12-23,Pending
22,60,22,2024-6-10,Cancelled
23,61,23,2025-4-11,Completed
24,62,24,2023-11-21,Cancelled
25,66,25,2024-4-10,Pending
26,67,26,2025-4-24,Pending
27,71,27,2025-3-20,Pending
28,74,28,2025-4-22,Pending
29,78,29,2023-6-4,Cancelled
30,79,30,2024-3-6,Completed
31,81,31,2024-8-3,Cancelled
32,86,32,2025-3-16,Completed
33,88,33,2024-5-24,Completed
34,91,34,2023-10-8,Cancelled
35,92,35,2023-7-16,Pending
36,94,36,2023-10-28,Cancelled
37,96,37,2023-10-20,Cancelled
38,100,38,2024-2-21,Completed
39,102,39,2024-11-17,Cancelled
40,105,40,2024-4-10,Completed
41,109,41,2024-9-30,Pending
42,111,42,2025-1-24,Completed
43,114,43,2024-6-12,Completed
44,116,44,2024-1-31,Cancelled
45,117,45,2023-7-10,Pending
46,120,46,2023-11-21,Completed
47,128,47,2024-4-17,Pending
48,129,48,2024-11-26,Cancelled
49,132,49,2024-2-15,Pending
50,133,50,2025-5-1,Cancelled
51,135,51,2024-10-16,Cancelled
52,139,52,2025-2-20,Completed
53,141,53,2025-1-14,Completed
54,143,54,2023-10-2,Pending
55,146,55,2024-11-18,Cancelled
56,150,56,2025-4-26,Completed
57,153,57,2024-7-14,Cancelled
58,157,58,2024-3-9,Cancelled
59,162,59,2023-11-11,Cancelled
60,164,60,2024-7-3,Pending
61,166,61,2023-7-8,Pending
62,170,62,2025-5-2,Pending
63,174,63,2024-2-24,Pending
64,175,64,2024-12-30,Cancelled
65,178,65,2023-10-3,Completed
66,180,66,2024-5-6,Cancelled
67,184,67,2023-12-13,Completed
68,185,68,2024-6-23,Pending
69,190,69,2024-7-20,Cancelled
70,195,70,2023-8-3,Cancelled
71,196,71,2024-2-2,Pending
72,197,72,2025-1-14,Completed
73,201,73,2024-10-31,Pending
74,203,74,2025-4-13,Pending
75,208,75,2025-4-10,Completed
76,212,76,2025-1-5,Completed
77,214,77,2024-2-10,Cancelled
78,215,78,2024-5-13,Completed
79,216,79,2023-12-21,Cancelled
80,221,80,2023-7-29,Completed
81,225,81,2023-8-26,Completed
82,230,82,2023-6-23,Cancelled
83,235,83,2023-9-6,Cancelled
84,237,84,2024-5-24,Cancelled
85,238,85,2025-4-22,Cancelled
86,240,86,2024-6-1,Completed
87,241,87,2024-4-1,Completed
88,243,88,2024-9-28,Cancelled
89,244,89,2023-7-8,Cancelled
90,245,90,2024-2-22,Pending
91,247,91,2024-1-3,Cancelled
92,250,92,2023-9-28,Completed
93,253,93,2024-7-8,Cancelled
94,257,94,2024-12-28,Pending
95,260,95,2025-1-12,Completed
96,261,96,2023-6-2,Pending
97,270,97,2025-1-3,Cancelled
98,272,98,2023-7-16,Cancelled
99,277,99,2024-11-17,Cancelled
100,278,100,2024-7-7,Pending
101,279,101,2023-11-29,Pending
102,281,102,2025-3-17,Completed
103,283,103,2024-8-31,Completed
104,287,104,2024-5-1,Pending
105,290,105,2025-3-7,Completed
106,293,106,2025-5-4,Pending
107,300,107,2024-11-15,Completed
108,305,108,2024-6-17,Completed
109,307,109,2025-5-5,Pending
110,310,110,2024-5-10,Completed
111,313,111,2024-5-17,Completed
112,315,112,2024-1-20,Cancelled
113,320,113,2024-1-8,Pending
114,321,114,2024-10-15,Completed
115,325,115,2024-8-10,Completed
116,326,116,2024-2-2,Completed
117,331,117,2024-3-27,Completed
118,334,118,2023-11-14,Completed
119,340,119,2023-12-19,Cancelled
120,343,120,2024-6-29,Pending
121,347,121,2024-4-16,Pending
122,350,122,2023-5-15,Cancelled
123,351,123,2025-3-24,Completed
124,355,124,2024-7-28,Completed
125,359,125,2023-9-11,Cancelled
126,364,126,2024-1-7,Cancelled
127,367,127,2024-5-8,Completed
128,372,128,2023-12-16,Cancelled
129,373,129,2023-8-5,Pending
130,380,130,2023-11-3,Pending
131,383,131,2024-10-1,Cancelled
132,386,132,2024-9-25,Pending
133,391,133,2023-11-3,Cancelled
134,392,134,2024-7-26,Completed
135,396,135,2023-9-30,Cancelled
136,400,136,2024-7-1,Cancelled
137,408,137,2024-8-3,Cancelled
138,411,138,2023-8-18,Pending
139,413,139,2024-6-16,Completed
140,414,140,2024-7-29,Completed
141,415,141,2024-2-9,Completed
142,417,142,2023-6-26,Pending
143,419,143,2024-10-20,Pending
144,421,144,2024-11-10,Completed
145,422,145,2025-1-28,Pending
146,424,146,2025-4-25,Completed
147,427,147,2024-9-5,Pending
148,430,148,2025-4-1,Cancelled
149,435,149,2024-11-28,Completed
150,436,150,2024-8-27,Completed
151,440,1,2023-12-26,Cancelled
152,445,2,2025-3-10,Completed
153,446,3,2025-1-17,Completed
154,448,4,2023-10-7,Completed
155,450,5,2025-1-12,Completed
156,454,6,2023-7-27,Completed
157,458,7,2023-12-6,Cancelled
158,460,8,2024-10-7,Cancelled
159,467,9,2024-7-13,Cancelled
160,469,10,2025-2-26,Completed
161,470,11,2024-1-9,Cancelled
162,474,12,2024-1-11,Cancelled
163,475,13,2025-3-8,Completed
164,476,14,2024-8-14,Completed
165,478,15,2024-1-16,Pending
166,482,16,2023-5-22,Pending
167,484,17,2024-12-24,Pending
168,486,18,2025-3-28,Cancelled
169,487,19,2023-10-18,Pending
170,490,20,2024-4-2,Cancelled
171,493,21,2023-8-13,Pending
172,494,22,2025-4-5,Pending
173,498,23,2024-1-10,Pending
174,503,24,2024-10-29,Pending
175,506,25,2024-2-6,Cancelled
176,510,26,2024-4-22,Pending
177,511,27,2023-12-21,Completed
178,514,28,2023-5-25,Pending
179,516,29,2024-9-1,Cancelled
180,519,30,2024-11-19,Completed
181,520,31,2024-10-23,Pending
182,528,32,2023-9-12,Pending
183,531,33,2025-4-17,Cancelled
184,535,34,2023-9-3,Completed
185,537,35,2024-10-13,Pending
186,540,36,2023-10-17,Pending
187,543,37,2025-4-21,Completed
188,546,38,2024-10-27,Completed
189,550,39,2023-8-4,Completed
190,551,40,2024-1-4,Cancelled
191,552,41,2024-11-23,Cancelled
192,556,42,2025-1-7,Cancelled
193,558,43,2025-2-25,Completed
194,559,44,2024-11-8,Cancelled
195,560,45,2024-2-16,Pending
196,566,46,2024-8-10,Cancelled
197,569,47,2024-12-17,Pending
198,570,48,2024-11-22,Cancelled
199,573,49,2024-11-11,Completed
200,575,50,2024-10-15,Cancelled
201,577,51,2024-8-25,Pending
202,578,52,2024-5-25,Cancelled
203,579,53,2024-4-3,Completed
204,580,54,2024-1-20,Pending
205,581,55,2024-10-27,Completed
206,1,1,2025-3-5,Pending
207,4,2,2025-2-24,Pending
208,9,3,2024-3-19,Completed
209,10,4,2023-11-28,Completed
210,13,5,2025-2-24,Cancelled
211,15,6,2024-11-11,Cancelled
212,18,7,2024-11-11,Completed
213,21,8,2023-11-2,Pending
214,24,9,2023-9-18,Cancelled
215,30,10,2025-1-27,Cancelled
216,33,11,2023-7-12,Cancelled
217,37,12,2023-12-19,Pending
218,40,13,2025-4-12,Cancelled
219,41,14,2023-8-29,Completed
220,46,15,2023-12-27,Completed
221,49,16,2023-9-8,Cancelled
222,51,17,2023-7-23,Pending
223,52,18,2023-7-27,Pending
224,54,19,2023-9-4,Pending
225,55,20,2024-1-1,Pending
226,57,21,2023-6-2,Completed
227,60,22,2025-3-26,Pending
228,61,23,2024-12-27,Completed
229,62,24,2024-9-5,Pending
230,66,25,2023-8-18,Cancelled
231,67,26,2024-5-13,Cancelled
232,71,27,2024-8-25,Pending
233,74,28,2025-4-14,Cancelled
234,78,29,2023-10-4,Completed
235,79,30,2023-10-5,Completed
236,81,31,2025-5-5,Cancelled
237,86,32,2023-12-16,Pending
238,88,33,2024-9-4,Cancelled
239,91,34,2023-11-16,Pending
240,92,35,2023-9-18,Completed
241,94,36,2024-8-31,Pending
242,96,37,2024-9-1,Cancelled
243,100,38,2024-6-30,Pending
244,102,39,2024-2-26,Completed
245,105,40,2024-2-17,Pending
246,109,41,2023-12-19,Pending
247,111,42,2025-1-14,Cancelled
248,114,43,2024-11-28,Completed
249,116,44,2023-12-9,Cancelled
250,117,45,2023-5-10,Pending
251,120,46,2024-3-22,Pending
252,128,47,2023-8-16,Cancelled
253,129,48,2023-12-4,Cancelled
254,132,49,2024-12-28,Pending
255,133,50,2024-6-16,Completed
256,135,51,2023-12-7,Cancelled
257,139,52,2023-5-10,Completed
258,141,53,2024-1-15,Completed
259,143,54,2024-6-25,Completed
260,146,55,2023-8-23,Pending
261,150,56,2024-8-15,Pending
262,153,57,2023-9-28,Cancelled
263,157,58,2023-10-3,Completed
264,162,59,2024-11-19,Cancelled
265,164,60,2024-10-11,Cancelled
266,166,61,2023-12-31,Completed
267,170,62,2024-3-19,Pending
268,174,63,2024-7-9,Cancelled
269,175,64,2025-4-3,Completed
270,178,65,2023-5-10,Completed
271,180,66,2024-2-23,Cancelled
272,184,67,2025-3-15,Pending
273,185,68,2024-5-8,Cancelled
274,190,69,2025-4-25,Cancelled
275,195,70,2024-2-6,Cancelled
276,196,71,2023-10-27,Pending
277,197,72,2024-1-29,Pending
278,201,73,2025-5-9,Pending
279,203,74,2024-11-7,Pending
280,208,75,2024-6-13,Cancelled
281,212,76,2024-2-7,Cancelled
282,214,77,2023-8-15,Completed
283,215,78,2025-3-17,Pending
284,216,79,2023-11-12,Pending
285,221,80,2023-10-10,Completed
286,225,81,2023-7-30,Pending
287,230,82,2024-9-10,Completed
288,235,83,2023-8-15,Cancelled
289,237,84,2025-3-2,Pending
290,238,85,2025-1-23,Pending
291,240,86,2024-9-18,Pending
292,241,87,2023-6-8,Pending
293,243,88,2024-1-16,Completed
294,244,89,2024-2-11,Cancelled
295,245,90,2023-10-31,Completed
296,247,91,2024-2-1,Cancelled
297,250,92,2024-9-11,Cancelled
298,253,93,2024-6-28,Cancelled
299,257,94,2025-5-3,Pending
300,260,95,2024-5-30,Cancelled
